Rarity, Skin, Float, Wear
milspec, UMP-45 | Oscillator, 0.35592071712809803, Field-Tested
milspec, UMP-45 | Oscillator, 0.8183345608191104, Battle-Scarred
milspec, UMP-45 | Oscillator, 0.2831688325258006, Field-Tested
milspec, UMP-45 | Oscillator, 0.9251394668359436, Battle-Scarred
milspec, UMP-45 | Oscillator, 0.36830040773043093, Field-Tested
milspec, UMP-45 | Oscillator, 0.46580031381330467, Battle-Scarred
milspec, UMP-45 | Oscillator, 0.513760337362139, Battle-Scarred
milspec, UMP-45 | Oscillator, 0.7857168991671847, Battle-Scarred
milspec, UMP-45 | Oscillator, 0.46782246925488224, Battle-Scarred
milspec, UMP-45 | Oscillator, 0.9975897449608093, Battle-Scarred
milspec, UMP-45 | Oscillator, 0.564311513534866, Battle-Scarred
milspec, UMP-45 | Oscillator, 0.036201600206559714, Factory New
milspec, UMP-45 | Oscillator, 0.799803924359063, Battle-Scarred
milspec, UMP-45 | Oscillator, 0.11705806683896791, Minimal Wear
milspec, UMP-45 | Oscillator, 0.7369584642857625, Battle-Scarred
milspec, UMP-45 | Oscillator, 0.43405691383939715, Well-Worn
milspec, UMP-45 | Oscillator, 0.35178734022807, Field-Tested
milspec, UMP-45 | Oscillator, 0.06396039883879179, Factory New
milspec, UMP-45 | Oscillator, 0.8006122248096347, Battle-Scarred
milspec, UMP-45 | Oscillator, 0.4261863262955162, Well-Worn
milspec, UMP-45 | Oscillator, 0.9737279864506952, Battle-Scarred
milspec, UMP-45 | Oscillator, 0.3776741369781045, Field-Tested
milspec, UMP-45 | Oscillator, 0.3815819859151588, Well-Worn
milspec, UMP-45 | Oscillator, 0.12417879075007088, Minimal Wear
milspec, UMP-45 | Oscillator, 0.09700735445240738, Minimal Wear
milspec, UMP-45 | Oscillator, 0.7219075049616588, Battle-Scarred
milspec, UMP-45 | Oscillator, 0.9286929906084656, Battle-Scarred
milspec, UMP-45 | Oscillator, 0.14912485568011224, Minimal Wear
milspec, UMP-45 | Oscillator, 0.0017316345244413611, Factory New
milspec, UMP-45 | Oscillator, 0.2700328498516178, Field-Tested
milspec, UMP-45 | Oscillator, 0.7892508658564569, Battle-Scarred
milspec, UMP-45 | Oscillator, 0.7085034995890278, Battle-Scarred
milspec, UMP-45 | Oscillator, 0.5139684161756689, Battle-Scarred
milspec, UMP-45 | Oscillator, 0.18532736737867483, Field-Tested
milspec, UMP-45 | Oscillator, 0.6912344685244306, Battle-Scarred
milspec, UMP-45 | Oscillator, 0.7630254918060912, Battle-Scarred
milspec, UMP-45 | Oscillator, 0.18862802815401214, Field-Tested
milspec, UMP-45 | Oscillator, 0.42311096869879994, Well-Worn
milspec, UMP-45 | Oscillator, 0.11330239146020016, Minimal Wear
milspec, UMP-45 | Oscillator, 0.1617467175475964, Field-Tested
milspec, UMP-45 | Oscillator, 0.16782305552566645, Field-Tested
milspec, UMP-45 | Oscillator, 0.6634114708426085, Battle-Scarred
milspec, UMP-45 | Oscillator, 0.15332944205656374, Field-Tested
milspec, UMP-45 | Oscillator, 0.24717886204892348, Field-Tested
milspec, UMP-45 | Oscillator, 0.954158296933679, Battle-Scarred
milspec, UMP-45 | Oscillator, 0.21855076710480026, Field-Tested
milspec, UMP-45 | Oscillator, 0.8830259668145081, Battle-Scarred
milspec, UMP-45 | Oscillator, 0.06861954710643647, Factory New
milspec, UMP-45 | Oscillator, 0.33302860843074367, Field-Tested
milspec, UMP-45 | Oscillator, 0.16686160102764303, Field-Tested
milspec, UMP-45 | Oscillator, 0.10769736174112321, Minimal Wear
milspec, UMP-45 | Oscillator, 0.11738837703365534, Minimal Wear
milspec, UMP-45 | Oscillator, 0.07719626011150604, Minimal Wear
milspec, UMP-45 | Oscillator, 0.7352597493362605, Battle-Scarred
milspec, UMP-45 | Oscillator, 0.8188423394393011, Battle-Scarred
milspec, UMP-45 | Oscillator, 0.2727285537240608, Field-Tested
milspec, UMP-45 | Oscillator, 0.9327708215892841, Battle-Scarred
milspec, UMP-45 | Oscillator, 0.7269116782493451, Battle-Scarred
milspec, UMP-45 | Oscillator, 0.9679011669887624, Battle-Scarred
milspec, UMP-45 | Oscillator, 0.15716419548854677, Field-Tested
milspec, UMP-45 | Oscillator, 0.28432259296842044, Field-Tested
milspec, UMP-45 | Oscillator, 0.4524916443784841, Battle-Scarred
milspec, UMP-45 | Oscillator, 0.7911788107821482, Battle-Scarred
milspec, UMP-45 | Oscillator, 0.6496495020019037, Battle-Scarred
milspec, UMP-45 | Oscillator, 0.7795392054910976, Battle-Scarred
milspec, UMP-45 | Oscillator, 0.6196014909470154, Battle-Scarred
milspec, UMP-45 | Oscillator, 0.9521781376210944, Battle-Scarred
milspec, UMP-45 | Oscillator, 0.41862246665365666, Well-Worn
milspec, UMP-45 | Oscillator, 0.4911467145256311, Battle-Scarred
milspec, UMP-45 | Oscillator, 0.39035711046615673, Well-Worn
milspec, UMP-45 | Oscillator, 0.9104644206622822, Battle-Scarred
milspec, UMP-45 | Oscillator, 0.07511027151049576, Minimal Wear
milspec, UMP-45 | Oscillator, 0.22876727445208145, Field-Tested
milspec, UMP-45 | Oscillator, 0.8417398760252305, Battle-Scarred
milspec, UMP-45 | Oscillator, 0.1535376071274911, Field-Tested
milspec, UMP-45 | Oscillator, 0.7700660348664303, Battle-Scarred
milspec, UMP-45 | Oscillator, 0.1734531877459632, Field-Tested
milspec, UMP-45 | Oscillator, 0.26654800417451585, Field-Tested
milspec, UMP-45 | Oscillator, 0.3001201091218316, Field-Tested
milspec, UMP-45 | Oscillator, 0.18358483678569937, Field-Tested
milspec, UMP-45 | Oscillator, 0.18635253105813243, Field-Tested
milspec, UMP-45 | Oscillator, 0.30044897564590267, Field-Tested
milspec, UMP-45 | Oscillator, 0.9235180425692353, Battle-Scarred
milspec, UMP-45 | Oscillator, 0.278000712227235, Field-Tested
milspec, UMP-45 | Oscillator, 0.5081818920617879, Battle-Scarred
milspec, UMP-45 | Oscillator, 0.9812418315230841, Battle-Scarred
milspec, UMP-45 | Oscillator, 0.9743515241673631, Battle-Scarred
milspec, UMP-45 | Oscillator, 0.775348136179037, Battle-Scarred
milspec, UMP-45 | Oscillator, 0.14342132557617604, Minimal Wear
milspec, UMP-45 | Oscillator, 0.7814031516539178, Battle-Scarred
milspec, UMP-45 | Oscillator, 0.5152600204717428, Battle-Scarred
milspec, UMP-45 | Oscillator, 0.6211967693182324, Battle-Scarred
milspec, UMP-45 | Oscillator, 0.9728151574416036, Battle-Scarred
milspec, UMP-45 | Oscillator, 0.39147844699308476, Well-Worn
milspec, UMP-45 | Oscillator, 0.7832270828089527, Battle-Scarred
milspec, UMP-45 | Oscillator, 0.12052584832850177, Minimal Wear
milspec, UMP-45 | Oscillator, 0.1936008415775633, Field-Tested
milspec, UMP-45 | Oscillator, 0.6682031924300446, Battle-Scarred
milspec, UMP-45 | Oscillator, 0.1862455326802558, Field-Tested
milspec, UMP-45 | Oscillator, 0.5462138762453005, Battle-Scarred
milspec, UMP-45 | Oscillator, 0.7180459165818835, Battle-Scarred
milspec, UMP-45 | Oscillator, 0.3337449823809818, Field-Tested
milspec, UMP-45 | Oscillator, 0.23612468412037202, Field-Tested
milspec, UMP-45 | Oscillator, 0.5840715910224112, Battle-Scarred
milspec, UMP-45 | Oscillator, 0.6801084306330296, Battle-Scarred
milspec, UMP-45 | Oscillator, 0.554905215737028, Battle-Scarred
milspec, UMP-45 | Oscillator, 0.062138682980693916, Factory New
milspec, UMP-45 | Oscillator, 0.49579395692423545, Battle-Scarred
milspec, UMP-45 | Oscillator, 0.9933224687429665, Battle-Scarred
milspec, UMP-45 | Oscillator, 0.1630899286477283, Field-Tested
milspec, UMP-45 | Oscillator, 0.846488273818111, Battle-Scarred
milspec, UMP-45 | Oscillator, 0.8654888172864188, Battle-Scarred
milspec, UMP-45 | Oscillator, 0.3426839270877786, Field-Tested
milspec, UMP-45 | Oscillator, 0.08446048641287818, Minimal Wear
milspec, UMP-45 | Oscillator, 0.27344293854400137, Field-Tested
milspec, UMP-45 | Oscillator, 0.020530116598757142, Factory New
milspec, UMP-45 | Oscillator, 0.5430859046855423, Battle-Scarred
milspec, UMP-45 | Oscillator, 0.9824975538561264, Battle-Scarred
milspec, UMP-45 | Oscillator, 0.3415214506378237, Field-Tested
milspec, UMP-45 | Oscillator, 0.3818658551385441, Well-Worn
milspec, M249 | O.S.I.P.R., 0.2632546928080297, Field-Tested
milspec, M249 | O.S.I.P.R., 0.19481355993423943, Field-Tested
milspec, M249 | O.S.I.P.R., 0.1152283546477294, Minimal Wear
milspec, M249 | O.S.I.P.R., 0.3688435788526704, Field-Tested
milspec, M249 | O.S.I.P.R., 0.5439591920700173, Battle-Scarred
milspec, M249 | O.S.I.P.R., 0.7142478302034387, Battle-Scarred
milspec, M249 | O.S.I.P.R., 0.5111964088221994, Battle-Scarred
milspec, M249 | O.S.I.P.R., 0.8187240291642458, Battle-Scarred
milspec, M249 | O.S.I.P.R., 0.2687965520162692, Field-Tested
milspec, M249 | O.S.I.P.R., 0.9189666257704844, Battle-Scarred
milspec, M249 | O.S.I.P.R., 0.21325362526738267, Field-Tested
milspec, M249 | O.S.I.P.R., 0.7287204516425372, Battle-Scarred
milspec, M249 | O.S.I.P.R., 0.877965443178453, Battle-Scarred
milspec, M249 | O.S.I.P.R., 0.30860806980502853, Field-Tested
milspec, M249 | O.S.I.P.R., 0.5116975088911977, Battle-Scarred
milspec, M249 | O.S.I.P.R., 0.7885631456761271, Battle-Scarred
milspec, M249 | O.S.I.P.R., 0.15827021279702602, Field-Tested
milspec, M249 | O.S.I.P.R., 0.7210446180573699, Battle-Scarred
milspec, M249 | O.S.I.P.R., 0.5341029145274198, Battle-Scarred
milspec, M249 | O.S.I.P.R., 0.7166656376657847, Battle-Scarred
milspec, M249 | O.S.I.P.R., 0.9078893773229008, Battle-Scarred
milspec, M249 | O.S.I.P.R., 0.2857480099907256, Field-Tested
milspec, M249 | O.S.I.P.R., 0.6709679747164012, Battle-Scarred
milspec, M249 | O.S.I.P.R., 0.43497666709131044, Well-Worn
milspec, M249 | O.S.I.P.R., 0.8674892543673359, Battle-Scarred
milspec, M249 | O.S.I.P.R., 0.4734993044964999, Battle-Scarred
milspec, M249 | O.S.I.P.R., 0.7539693498550322, Battle-Scarred
milspec, M249 | O.S.I.P.R., 0.7315065123519044, Battle-Scarred
milspec, M249 | O.S.I.P.R., 0.050512585452631154, Factory New
milspec, M249 | O.S.I.P.R., 0.8381825274522393, Battle-Scarred
milspec, M249 | O.S.I.P.R., 0.21268354947193613, Field-Tested
milspec, M249 | O.S.I.P.R., 0.37849538183452713, Field-Tested
milspec, M249 | O.S.I.P.R., 0.010568355027924303, Factory New
milspec, M249 | O.S.I.P.R., 0.5191677348353692, Battle-Scarred
milspec, M249 | O.S.I.P.R., 0.5694208474767473, Battle-Scarred
milspec, M249 | O.S.I.P.R., 0.6724239964696562, Battle-Scarred
milspec, M249 | O.S.I.P.R., 0.9821796748375948, Battle-Scarred
milspec, M249 | O.S.I.P.R., 0.4820107848520049, Battle-Scarred
milspec, M249 | O.S.I.P.R., 0.11472726163312952, Minimal Wear
milspec, M249 | O.S.I.P.R., 0.7350156297315235, Battle-Scarred
milspec, M249 | O.S.I.P.R., 0.3054308936778538, Field-Tested
milspec, M249 | O.S.I.P.R., 0.9945995701063918, Battle-Scarred
milspec, M249 | O.S.I.P.R., 0.48033721890779646, Battle-Scarred
milspec, M249 | O.S.I.P.R., 0.8127576280447697, Battle-Scarred
milspec, M249 | O.S.I.P.R., 0.516212918827205, Battle-Scarred
milspec, M249 | O.S.I.P.R., 0.32555685995326045, Field-Tested
milspec, M249 | O.S.I.P.R., 0.5984575795853432, Battle-Scarred
milspec, M249 | O.S.I.P.R., 0.23429209013001784, Field-Tested
milspec, M249 | O.S.I.P.R., 0.36202053282007396, Field-Tested
milspec, M249 | O.S.I.P.R., 0.7040570240578673, Battle-Scarred
milspec, M249 | O.S.I.P.R., 0.6193784777517483, Battle-Scarred
milspec, M249 | O.S.I.P.R., 0.6669930455698829, Battle-Scarred
milspec, M249 | O.S.I.P.R., 0.022683613027389082, Factory New
milspec, M249 | O.S.I.P.R., 0.6993552321868636, Battle-Scarred
milspec, M249 | O.S.I.P.R., 0.9687541360341616, Battle-Scarred
milspec, M249 | O.S.I.P.R., 0.40465511430695167, Well-Worn
milspec, M249 | O.S.I.P.R., 0.5497092149769374, Battle-Scarred
milspec, M249 | O.S.I.P.R., 0.03155029385279595, Factory New
milspec, M249 | O.S.I.P.R., 0.7177054593633156, Battle-Scarred
milspec, M249 | O.S.I.P.R., 0.40636622427501545, Well-Worn
milspec, M249 | O.S.I.P.R., 0.23625643521281792, Field-Tested
milspec, M249 | O.S.I.P.R., 0.8216696489720003, Battle-Scarred
milspec, M249 | O.S.I.P.R., 0.610468304904812, Battle-Scarred
milspec, M249 | O.S.I.P.R., 0.653962149343776, Battle-Scarred
milspec, M249 | O.S.I.P.R., 0.7841784767594758, Battle-Scarred
milspec, M249 | O.S.I.P.R., 0.9562439379361061, Battle-Scarred
milspec, M249 | O.S.I.P.R., 0.6161007996443273, Battle-Scarred
milspec, M249 | O.S.I.P.R., 0.23626101918092213, Field-Tested
milspec, M249 | O.S.I.P.R., 0.1692856894871314, Field-Tested
milspec, M249 | O.S.I.P.R., 0.21408636775224477, Field-Tested
milspec, M249 | O.S.I.P.R., 0.6807452315050535, Battle-Scarred
milspec, M249 | O.S.I.P.R., 0.833008538017849, Battle-Scarred
milspec, M249 | O.S.I.P.R., 0.6653671897675032, Battle-Scarred
milspec, M249 | O.S.I.P.R., 0.8757797841183049, Battle-Scarred
milspec, M249 | O.S.I.P.R., 0.27848638291759553, Field-Tested
milspec, M249 | O.S.I.P.R., 0.04390220594430927, Factory New
milspec, M249 | O.S.I.P.R., 0.13332069047187067, Minimal Wear
milspec, M249 | O.S.I.P.R., 0.9925021808269618, Battle-Scarred
milspec, M249 | O.S.I.P.R., 0.7139752889952576, Battle-Scarred
milspec, M249 | O.S.I.P.R., 0.7053161477680855, Battle-Scarred
milspec, M249 | O.S.I.P.R., 0.42566602711393564, Well-Worn
milspec, M249 | O.S.I.P.R., 0.5648949985992213, Battle-Scarred
milspec, M249 | O.S.I.P.R., 0.5677645402099923, Battle-Scarred
milspec, M249 | O.S.I.P.R., 0.7745602109477004, Battle-Scarred
milspec, M249 | O.S.I.P.R., 0.5564564293803483, Battle-Scarred
milspec, M249 | O.S.I.P.R., 0.8489776049874685, Battle-Scarred
milspec, M249 | O.S.I.P.R., 0.5103369570859793, Battle-Scarred
milspec, M249 | O.S.I.P.R., 0.3204135143322986, Field-Tested
milspec, M249 | O.S.I.P.R., 0.9733173417918782, Battle-Scarred
milspec, M249 | O.S.I.P.R., 0.13095850214010796, Minimal Wear
milspec, M249 | O.S.I.P.R., 0.14711978816840676, Minimal Wear
milspec, M249 | O.S.I.P.R., 0.5242487355315383, Battle-Scarred
milspec, M249 | O.S.I.P.R., 0.4428431971007144, Well-Worn
milspec, M249 | O.S.I.P.R., 0.27110332695334904, Field-Tested
milspec, M249 | O.S.I.P.R., 0.2941911621825358, Field-Tested
milspec, M249 | O.S.I.P.R., 0.3395002655912346, Field-Tested
milspec, M249 | O.S.I.P.R., 0.18639412589694304, Field-Tested
milspec, M249 | O.S.I.P.R., 0.0079664996504768, Factory New
milspec, M249 | O.S.I.P.R., 0.19023167309117006, Field-Tested
milspec, M249 | O.S.I.P.R., 0.8888539175481898, Battle-Scarred
milspec, M249 | O.S.I.P.R., 0.8859854873652641, Battle-Scarred
milspec, M249 | O.S.I.P.R., 0.48701010168761316, Battle-Scarred
milspec, M249 | O.S.I.P.R., 0.2487967751294865, Field-Tested
milspec, M249 | O.S.I.P.R., 0.8579223223938464, Battle-Scarred
milspec, M249 | O.S.I.P.R., 0.01191759314910057, Factory New
milspec, M249 | O.S.I.P.R., 0.7305118024260482, Battle-Scarred
milspec, Nova | Windblown, 0.3104485471720049, Field-Tested
milspec, Nova | Windblown, 0.17322472828876712, Field-Tested
milspec, Nova | Windblown, 0.7074602779971095, Battle-Scarred
milspec, Nova | Windblown, 0.09817430513891257, Minimal Wear
milspec, Nova | Windblown, 0.35458951186960697, Field-Tested
milspec, Nova | Windblown, 0.35281544813552335, Field-Tested
milspec, Nova | Windblown, 0.4290434536691865, Well-Worn
milspec, Nova | Windblown, 0.8677648281808207, Battle-Scarred
milspec, Nova | Windblown, 0.882741014759395, Battle-Scarred
milspec, Nova | Windblown, 0.9448111790644855, Battle-Scarred
milspec, Nova | Windblown, 0.7886844401155468, Battle-Scarred
milspec, Nova | Windblown, 0.626119357569283, Battle-Scarred
milspec, Nova | Windblown, 0.20188283421433817, Field-Tested
milspec, Nova | Windblown, 0.29307387301200394, Field-Tested
milspec, Nova | Windblown, 0.5746425430606673, Battle-Scarred
milspec, Nova | Windblown, 0.7881491330595617, Battle-Scarred
milspec, Nova | Windblown, 0.9810496889337769, Battle-Scarred
milspec, Nova | Windblown, 0.496095809248563, Battle-Scarred
milspec, Nova | Windblown, 0.00681922015218106, Factory New
milspec, Nova | Windblown, 0.5761085654813056, Battle-Scarred
milspec, Nova | Windblown, 0.578606266325596, Battle-Scarred
milspec, Nova | Windblown, 0.644270404443563, Battle-Scarred
milspec, Nova | Windblown, 0.8476253727247102, Battle-Scarred
milspec, Nova | Windblown, 0.20402899964308563, Field-Tested
milspec, Nova | Windblown, 0.1803240122652774, Field-Tested
milspec, Nova | Windblown, 0.8474769912377295, Battle-Scarred
milspec, Nova | Windblown, 0.6115202150749018, Battle-Scarred
milspec, Nova | Windblown, 0.04657100187798302, Factory New
milspec, Nova | Windblown, 0.6091079115344396, Battle-Scarred
milspec, Nova | Windblown, 0.9761903920337227, Battle-Scarred
milspec, Nova | Windblown, 0.20965555154936533, Field-Tested
milspec, Nova | Windblown, 0.7630620694204867, Battle-Scarred
milspec, Nova | Windblown, 0.8554713706744831, Battle-Scarred
milspec, Nova | Windblown, 0.2564407268369583, Field-Tested
milspec, Nova | Windblown, 0.7189693605793749, Battle-Scarred
milspec, Nova | Windblown, 0.8502334084530273, Battle-Scarred
milspec, Nova | Windblown, 0.023395051912357245, Factory New
milspec, Nova | Windblown, 0.8457453129335243, Battle-Scarred
milspec, Nova | Windblown, 0.5737093637404598, Battle-Scarred
milspec, Nova | Windblown, 0.09436552522837327, Minimal Wear
milspec, Nova | Windblown, 0.37759151644677713, Field-Tested
milspec, Nova | Windblown, 0.8080957431342514, Battle-Scarred
milspec, Nova | Windblown, 0.4166095250621127, Well-Worn
milspec, Nova | Windblown, 0.32536492441686826, Field-Tested
milspec, Nova | Windblown, 0.22887306369110605, Field-Tested
milspec, Nova | Windblown, 0.9482783688176716, Battle-Scarred
milspec, Nova | Windblown, 0.18107104377158711, Field-Tested
milspec, Nova | Windblown, 0.6402525053256878, Battle-Scarred
milspec, Nova | Windblown, 0.38441726485161765, Well-Worn
milspec, Nova | Windblown, 0.006839195206789883, Factory New
milspec, Nova | Windblown, 0.7497184399500757, Battle-Scarred
milspec, Nova | Windblown, 0.4846471267390444, Battle-Scarred
milspec, Nova | Windblown, 0.2793741656135921, Field-Tested
milspec, Nova | Windblown, 0.212008088916528, Field-Tested
milspec, Nova | Windblown, 0.15225536230040682, Field-Tested
milspec, Nova | Windblown, 0.38763050947664945, Well-Worn
milspec, Nova | Windblown, 0.43669540796271733, Well-Worn
milspec, Nova | Windblown, 0.49422764871470115, Battle-Scarred
milspec, Nova | Windblown, 0.9922023519804263, Battle-Scarred
milspec, Nova | Windblown, 0.7142192505029137, Battle-Scarred
milspec, Nova | Windblown, 0.6724887683396134, Battle-Scarred
milspec, Nova | Windblown, 0.9057024289040427, Battle-Scarred
milspec, Nova | Windblown, 0.13739677586562593, Minimal Wear
milspec, Nova | Windblown, 0.06845916475309821, Factory New
milspec, Nova | Windblown, 0.0007662855570687022, Factory New
milspec, Nova | Windblown, 0.3346023392744558, Field-Tested
milspec, Nova | Windblown, 0.23159155873799497, Field-Tested
milspec, Nova | Windblown, 0.15719344986584471, Field-Tested
milspec, Nova | Windblown, 0.15947659877252485, Field-Tested
milspec, Nova | Windblown, 0.43412749292121655, Well-Worn
milspec, Nova | Windblown, 0.3384571633000045, Field-Tested
milspec, Nova | Windblown, 0.6490230671285769, Battle-Scarred
milspec, Nova | Windblown, 0.04954887429214894, Factory New
milspec, Nova | Windblown, 0.9394885146977132, Battle-Scarred
milspec, Nova | Windblown, 0.25902210305763307, Field-Tested
milspec, Nova | Windblown, 0.23874363975541146, Field-Tested
milspec, Nova | Windblown, 0.6077877843697238, Battle-Scarred
milspec, Nova | Windblown, 0.4896379488575403, Battle-Scarred
milspec, Nova | Windblown, 0.383771141414732, Well-Worn
milspec, Nova | Windblown, 0.15161510995707883, Field-Tested
milspec, Nova | Windblown, 0.844561440725627, Battle-Scarred
milspec, Nova | Windblown, 0.7870154321891683, Battle-Scarred
milspec, Nova | Windblown, 0.7651988118589166, Battle-Scarred
milspec, Nova | Windblown, 0.9394255958131748, Battle-Scarred
milspec, Nova | Windblown, 0.4656032160187993, Battle-Scarred
milspec, Nova | Windblown, 0.32023727533461543, Field-Tested
milspec, Nova | Windblown, 0.3347224833956194, Field-Tested
milspec, Nova | Windblown, 0.5004830075122589, Battle-Scarred
milspec, Nova | Windblown, 0.9563101187319972, Battle-Scarred
milspec, Nova | Windblown, 0.5807384205797463, Battle-Scarred
milspec, Nova | Windblown, 0.8958342001129794, Battle-Scarred
milspec, Nova | Windblown, 0.5797033609882495, Battle-Scarred
milspec, Nova | Windblown, 0.20487245908629315, Field-Tested
milspec, Nova | Windblown, 0.36157465078338424, Field-Tested
milspec, Nova | Windblown, 0.7359381035869919, Battle-Scarred
milspec, Nova | Windblown, 0.811494435900599, Battle-Scarred
milspec, Nova | Windblown, 0.6733811041834079, Battle-Scarred
milspec, Nova | Windblown, 0.1277115505366001, Minimal Wear
milspec, Nova | Windblown, 0.33331738797407007, Field-Tested
milspec, Nova | Windblown, 0.2849664934008965, Field-Tested
milspec, Nova | Windblown, 0.4653870044231426, Battle-Scarred
milspec, Nova | Windblown, 0.24635205851760988, Field-Tested
milspec, Nova | Windblown, 0.9287357687922208, Battle-Scarred
milspec, Nova | Windblown, 0.9357394115065977, Battle-Scarred
milspec, SG 553 | Heavy Metal, 0.3906861919017266, Well-Worn
milspec, SG 553 | Heavy Metal, 0.2397547119989608, Field-Tested
milspec, SG 553 | Heavy Metal, 0.2802088042639036, Field-Tested
milspec, SG 553 | Heavy Metal, 0.43087069631959296, Well-Worn
milspec, SG 553 | Heavy Metal, 0.7443181581157269, Battle-Scarred
milspec, SG 553 | Heavy Metal, 0.32008120728317424, Field-Tested
milspec, SG 553 | Heavy Metal, 0.5905686654633455, Battle-Scarred
milspec, SG 553 | Heavy Metal, 0.3583217139597571, Field-Tested
milspec, SG 553 | Heavy Metal, 0.9523659726381555, Battle-Scarred
milspec, SG 553 | Heavy Metal, 0.8075999358048689, Battle-Scarred
milspec, SG 553 | Heavy Metal, 0.6693416956799991, Battle-Scarred
milspec, SG 553 | Heavy Metal, 0.33881386525083435, Field-Tested
milspec, SG 553 | Heavy Metal, 0.10425519036644204, Minimal Wear
milspec, SG 553 | Heavy Metal, 0.05850896565098851, Factory New
milspec, SG 553 | Heavy Metal, 0.526321460959485, Battle-Scarred
milspec, SG 553 | Heavy Metal, 0.34732977435337586, Field-Tested
milspec, SG 553 | Heavy Metal, 0.15794056251873856, Field-Tested
milspec, SG 553 | Heavy Metal, 0.4429628155855895, Well-Worn
milspec, SG 553 | Heavy Metal, 0.10220121892989242, Minimal Wear
milspec, SG 553 | Heavy Metal, 0.1929338579374793, Field-Tested
milspec, SG 553 | Heavy Metal, 0.6875892778821655, Battle-Scarred
milspec, SG 553 | Heavy Metal, 0.8861180861315364, Battle-Scarred
milspec, SG 553 | Heavy Metal, 0.4841567943156604, Battle-Scarred
milspec, SG 553 | Heavy Metal, 0.6027198991118667, Battle-Scarred
milspec, SG 553 | Heavy Metal, 0.5669003509594807, Battle-Scarred
milspec, SG 553 | Heavy Metal, 0.004135829440635175, Factory New
milspec, SG 553 | Heavy Metal, 0.5220370720738872, Battle-Scarred
milspec, SG 553 | Heavy Metal, 0.8094745554283057, Battle-Scarred
milspec, SG 553 | Heavy Metal, 0.4961565298127285, Battle-Scarred
milspec, SG 553 | Heavy Metal, 0.7786349592749084, Battle-Scarred
milspec, SG 553 | Heavy Metal, 0.2215262149053654, Field-Tested
milspec, SG 553 | Heavy Metal, 0.8715826464293194, Battle-Scarred
milspec, SG 553 | Heavy Metal, 0.31989430459756973, Field-Tested
milspec, SG 553 | Heavy Metal, 0.8515951313193418, Battle-Scarred
milspec, SG 553 | Heavy Metal, 0.5023100584848577, Battle-Scarred
milspec, SG 553 | Heavy Metal, 0.08160308028471908, Minimal Wear
milspec, SG 553 | Heavy Metal, 0.7572281070743117, Battle-Scarred
milspec, SG 553 | Heavy Metal, 0.37129389122313605, Field-Tested
milspec, SG 553 | Heavy Metal, 0.6179712620350186, Battle-Scarred
milspec, SG 553 | Heavy Metal, 0.8376965295835888, Battle-Scarred
milspec, SG 553 | Heavy Metal, 0.8816471188660193, Battle-Scarred
milspec, SG 553 | Heavy Metal, 0.46995639499716524, Battle-Scarred
milspec, SG 553 | Heavy Metal, 0.09728862353009327, Minimal Wear
milspec, SG 553 | Heavy Metal, 0.4470599656009887, Well-Worn
milspec, SG 553 | Heavy Metal, 0.32338252393967104, Field-Tested
milspec, SG 553 | Heavy Metal, 0.24853329794775203, Field-Tested
milspec, SG 553 | Heavy Metal, 0.28977627173150866, Field-Tested
milspec, SG 553 | Heavy Metal, 0.21281451162378096, Field-Tested
milspec, SG 553 | Heavy Metal, 0.1590743496270245, Field-Tested
milspec, SG 553 | Heavy Metal, 0.2587255263202092, Field-Tested
milspec, SG 553 | Heavy Metal, 0.8199479960513018, Battle-Scarred
milspec, SG 553 | Heavy Metal, 0.48153934522626696, Battle-Scarred
milspec, SG 553 | Heavy Metal, 0.6613165326182923, Battle-Scarred
milspec, SG 553 | Heavy Metal, 0.5019123719008943, Battle-Scarred
milspec, SG 553 | Heavy Metal, 0.27907558281212097, Field-Tested
milspec, SG 553 | Heavy Metal, 0.6626596686505799, Battle-Scarred
milspec, SG 553 | Heavy Metal, 0.8651498300115251, Battle-Scarred
milspec, SG 553 | Heavy Metal, 0.10675391128616107, Minimal Wear
milspec, SG 553 | Heavy Metal, 0.046542304040817384, Factory New
milspec, SG 553 | Heavy Metal, 0.9631228379342867, Battle-Scarred
milspec, SG 553 | Heavy Metal, 0.41114365091693905, Well-Worn
milspec, SG 553 | Heavy Metal, 0.8681458592630565, Battle-Scarred
milspec, SG 553 | Heavy Metal, 0.6007701179534883, Battle-Scarred
milspec, SG 553 | Heavy Metal, 0.03967900561223858, Factory New
milspec, SG 553 | Heavy Metal, 0.48696594050501985, Battle-Scarred
milspec, SG 553 | Heavy Metal, 0.32895611541907077, Field-Tested
milspec, SG 553 | Heavy Metal, 0.07214077346640213, Minimal Wear
milspec, SG 553 | Heavy Metal, 0.2847877880259977, Field-Tested
milspec, SG 553 | Heavy Metal, 0.09698835558804264, Minimal Wear
milspec, SG 553 | Heavy Metal, 0.23803477546207208, Field-Tested
milspec, SG 553 | Heavy Metal, 0.38561787579662055, Well-Worn
milspec, SG 553 | Heavy Metal, 0.9429692802585442, Battle-Scarred
milspec, SG 553 | Heavy Metal, 0.16140449818844427, Field-Tested
milspec, SG 553 | Heavy Metal, 0.6032401157199199, Battle-Scarred
milspec, SG 553 | Heavy Metal, 0.9695278735445054, Battle-Scarred
milspec, SG 553 | Heavy Metal, 0.35915577879840976, Field-Tested
milspec, SG 553 | Heavy Metal, 0.49694477742494503, Battle-Scarred
milspec, SG 553 | Heavy Metal, 0.6662783569029009, Battle-Scarred
milspec, SG 553 | Heavy Metal, 0.7011572597961987, Battle-Scarred
milspec, SG 553 | Heavy Metal, 0.8204151789217247, Battle-Scarred
milspec, SG 553 | Heavy Metal, 0.06970876642595591, Factory New
milspec, SG 553 | Heavy Metal, 0.10257214849175345, Minimal Wear
milspec, SG 553 | Heavy Metal, 0.3997501505931137, Well-Worn
milspec, SG 553 | Heavy Metal, 0.8736768910088402, Battle-Scarred
milspec, SG 553 | Heavy Metal, 0.15698155913111045, Field-Tested
milspec, SG 553 | Heavy Metal, 0.22255612016512671, Field-Tested
milspec, SG 553 | Heavy Metal, 0.6478151291482704, Battle-Scarred
milspec, SG 553 | Heavy Metal, 0.7768326252040104, Battle-Scarred
milspec, SG 553 | Heavy Metal, 0.27546438996915745, Field-Tested
milspec, SG 553 | Heavy Metal, 0.8811048408732992, Battle-Scarred
milspec, SG 553 | Heavy Metal, 0.8511059785663044, Battle-Scarred
milspec, SG 553 | Heavy Metal, 0.35389779695349066, Field-Tested
milspec, SG 553 | Heavy Metal, 0.6883257747314827, Battle-Scarred
milspec, SG 553 | Heavy Metal, 0.92864520136252, Battle-Scarred
milspec, SG 553 | Heavy Metal, 0.6565400182318992, Battle-Scarred
milspec, SG 553 | Heavy Metal, 0.40850373764532466, Well-Worn
milspec, CZ75-Auto | Circaetus, 0.34035910275861914, Field-Tested
milspec, CZ75-Auto | Circaetus, 0.33033622864243284, Field-Tested
milspec, CZ75-Auto | Circaetus, 0.8477744910987994, Battle-Scarred
milspec, CZ75-Auto | Circaetus, 0.2923152445184004, Field-Tested
milspec, CZ75-Auto | Circaetus, 0.20648124353289532, Field-Tested
milspec, CZ75-Auto | Circaetus, 0.700397371046734, Battle-Scarred
milspec, CZ75-Auto | Circaetus, 0.6241895678245432, Battle-Scarred
milspec, CZ75-Auto | Circaetus, 0.8663764575823603, Battle-Scarred
milspec, CZ75-Auto | Circaetus, 0.03724267815843474, Factory New
milspec, CZ75-Auto | Circaetus, 0.8631129288499301, Battle-Scarred
milspec, CZ75-Auto | Circaetus, 0.7467204739816447, Battle-Scarred
milspec, CZ75-Auto | Circaetus, 0.9789057862256441, Battle-Scarred
milspec, CZ75-Auto | Circaetus, 0.1394885682564433, Minimal Wear
milspec, CZ75-Auto | Circaetus, 0.4004317494148033, Well-Worn
milspec, CZ75-Auto | Circaetus, 0.9702968943145868, Battle-Scarred
milspec, CZ75-Auto | Circaetus, 0.43167184890865884, Well-Worn
milspec, CZ75-Auto | Circaetus, 0.6103853591856478, Battle-Scarred
milspec, CZ75-Auto | Circaetus, 0.6219582312666521, Battle-Scarred
milspec, CZ75-Auto | Circaetus, 0.06577520951198113, Factory New
milspec, CZ75-Auto | Circaetus, 0.9666887155638509, Battle-Scarred
milspec, CZ75-Auto | Circaetus, 0.1215424311547284, Minimal Wear
milspec, CZ75-Auto | Circaetus, 0.13314612249324398, Minimal Wear
milspec, CZ75-Auto | Circaetus, 0.959716801414187, Battle-Scarred
milspec, CZ75-Auto | Circaetus, 0.9394169307504916, Battle-Scarred
milspec, CZ75-Auto | Circaetus, 0.738654698125186, Battle-Scarred
milspec, CZ75-Auto | Circaetus, 0.5348734865673785, Battle-Scarred
milspec, CZ75-Auto | Circaetus, 0.87356407421259, Battle-Scarred
milspec, CZ75-Auto | Circaetus, 0.5401849790711405, Battle-Scarred
milspec, CZ75-Auto | Circaetus, 0.9111814524930093, Battle-Scarred
milspec, CZ75-Auto | Circaetus, 0.37157416088876905, Field-Tested
milspec, CZ75-Auto | Circaetus, 0.997811416708927, Battle-Scarred
milspec, CZ75-Auto | Circaetus, 0.0466863567206558, Factory New
milspec, CZ75-Auto | Circaetus, 0.861782405595523, Battle-Scarred
milspec, CZ75-Auto | Circaetus, 0.9986873127102059, Battle-Scarred
milspec, CZ75-Auto | Circaetus, 0.11179051829500841, Minimal Wear
milspec, CZ75-Auto | Circaetus, 0.7468578130075321, Battle-Scarred
milspec, CZ75-Auto | Circaetus, 0.9891273809053717, Battle-Scarred
milspec, CZ75-Auto | Circaetus, 0.3539946146414076, Field-Tested
milspec, CZ75-Auto | Circaetus, 0.6893597107777392, Battle-Scarred
milspec, CZ75-Auto | Circaetus, 0.6508563204235737, Battle-Scarred
milspec, CZ75-Auto | Circaetus, 0.15478157853766294, Field-Tested
milspec, CZ75-Auto | Circaetus, 0.4127871670088039, Well-Worn
milspec, CZ75-Auto | Circaetus, 0.7015769600797124, Battle-Scarred
milspec, CZ75-Auto | Circaetus, 0.7633707771596011, Battle-Scarred
milspec, CZ75-Auto | Circaetus, 0.5766416177950617, Battle-Scarred
milspec, CZ75-Auto | Circaetus, 0.10850586348666058, Minimal Wear
milspec, CZ75-Auto | Circaetus, 0.2247404854627456, Field-Tested
milspec, CZ75-Auto | Circaetus, 0.6541158856484616, Battle-Scarred
milspec, CZ75-Auto | Circaetus, 0.5674519408492518, Battle-Scarred
milspec, CZ75-Auto | Circaetus, 0.8848719426355487, Battle-Scarred
milspec, CZ75-Auto | Circaetus, 0.5011229819863932, Battle-Scarred
milspec, CZ75-Auto | Circaetus, 0.5588111686385495, Battle-Scarred
milspec, CZ75-Auto | Circaetus, 0.7797340629890128, Battle-Scarred
milspec, CZ75-Auto | Circaetus, 0.35250660901969955, Field-Tested
milspec, CZ75-Auto | Circaetus, 0.777459442275311, Battle-Scarred
milspec, CZ75-Auto | Circaetus, 0.3414686941253995, Field-Tested
milspec, CZ75-Auto | Circaetus, 0.08428371984524707, Minimal Wear
milspec, CZ75-Auto | Circaetus, 0.15239282058756154, Field-Tested
milspec, CZ75-Auto | Circaetus, 0.9026191148426254, Battle-Scarred
milspec, CZ75-Auto | Circaetus, 0.020870232435440395, Factory New
milspec, CZ75-Auto | Circaetus, 0.5503888021955813, Battle-Scarred
milspec, CZ75-Auto | Circaetus, 0.7259956988991811, Battle-Scarred
milspec, CZ75-Auto | Circaetus, 0.016189940967120786, Factory New
milspec, CZ75-Auto | Circaetus, 0.3913090105321455, Well-Worn
milspec, CZ75-Auto | Circaetus, 0.3777875987202265, Field-Tested
milspec, CZ75-Auto | Circaetus, 0.09533974461525252, Minimal Wear
milspec, CZ75-Auto | Circaetus, 0.034279267712834405, Factory New
milspec, CZ75-Auto | Circaetus, 0.927751316997193, Battle-Scarred
milspec, CZ75-Auto | Circaetus, 0.19983238495635336, Field-Tested
milspec, CZ75-Auto | Circaetus, 0.7331847525726087, Battle-Scarred
milspec, CZ75-Auto | Circaetus, 0.5297708762843041, Battle-Scarred
milspec, CZ75-Auto | Circaetus, 0.5213448831292607, Battle-Scarred
milspec, CZ75-Auto | Circaetus, 0.3068241530630519, Field-Tested
milspec, CZ75-Auto | Circaetus, 0.49964636819426966, Battle-Scarred
milspec, CZ75-Auto | Circaetus, 0.4365848730784748, Well-Worn
milspec, CZ75-Auto | Circaetus, 0.4790975317096845, Battle-Scarred
milspec, CZ75-Auto | Circaetus, 0.6597865224402006, Battle-Scarred
milspec, CZ75-Auto | Circaetus, 0.27079894121964665, Field-Tested
milspec, CZ75-Auto | Circaetus, 0.5609651798558181, Battle-Scarred
milspec, CZ75-Auto | Circaetus, 0.6214688683223262, Battle-Scarred
milspec, CZ75-Auto | Circaetus, 0.1589213556191279, Field-Tested
milspec, CZ75-Auto | Circaetus, 0.7797621742670773, Battle-Scarred
milspec, CZ75-Auto | Circaetus, 0.7000322430813896, Battle-Scarred
milspec, CZ75-Auto | Circaetus, 0.3716927908908364, Field-Tested
milspec, CZ75-Auto | Circaetus, 0.7877897404262681, Battle-Scarred
milspec, CZ75-Auto | Circaetus, 0.35349766791611625, Field-Tested
milspec, CZ75-Auto | Circaetus, 0.023628815884793264, Factory New
milspec, CZ75-Auto | Circaetus, 0.1902850961710394, Field-Tested
milspec, CZ75-Auto | Circaetus, 0.30979804167683067, Field-Tested
milspec, CZ75-Auto | Circaetus, 0.12910284965589114, Minimal Wear
milspec, CZ75-Auto | Circaetus, 0.6549464726329187, Battle-Scarred
milspec, CZ75-Auto | Circaetus, 0.23727676506190165, Field-Tested
milspec, CZ75-Auto | Circaetus, 0.8172312591167289, Battle-Scarred
milspec, CZ75-Auto | Circaetus, 0.45440547717375934, Battle-Scarred
milspec, CZ75-Auto | Circaetus, 0.4300912758005151, Well-Worn
milspec, CZ75-Auto | Circaetus, 0.30939865976252745, Field-Tested
milspec, CZ75-Auto | Circaetus, 0.7920833478277463, Battle-Scarred
milspec, CZ75-Auto | Circaetus, 0.295436673687944, Field-Tested
milspec, CZ75-Auto | Circaetus, 0.7140961073939514, Battle-Scarred
milspec, CZ75-Auto | Circaetus, 0.3436959635837127, Field-Tested
milspec, CZ75-Auto | Circaetus, 0.28531672485546233, Field-Tested
milspec, CZ75-Auto | Circaetus, 0.09719614116955755, Minimal Wear
milspec, CZ75-Auto | Circaetus, 0.44178163166515305, Well-Worn
milspec, CZ75-Auto | Circaetus, 0.8150226017832155, Battle-Scarred
milspec, CZ75-Auto | Circaetus, 0.8249536812498669, Battle-Scarred
milspec, CZ75-Auto | Circaetus, 0.3708966854009522, Field-Tested
milspec, CZ75-Auto | Circaetus, 0.12505287700295753, Minimal Wear
milspec, CZ75-Auto | Circaetus, 0.23421148093431454, Field-Tested
milspec, CZ75-Auto | Circaetus, 0.9679313369128845, Battle-Scarred
milspec, CZ75-Auto | Circaetus, 0.0888091794665018, Minimal Wear
milspec, CZ75-Auto | Circaetus, 0.7690997262625934, Battle-Scarred
milspec, CZ75-Auto | Circaetus, 0.6792809684337957, Battle-Scarred
milspec, CZ75-Auto | Circaetus, 0.029767408162805875, Factory New
milspec, CZ75-Auto | Circaetus, 0.05737182959486631, Factory New
milspec, CZ75-Auto | Circaetus, 0.4702942087345432, Battle-Scarred
milspec, CZ75-Auto | Circaetus, 0.8226978524727347, Battle-Scarred
milspec, CZ75-Auto | Circaetus, 0.27531120751921967, Field-Tested
milspec, CZ75-Auto | Circaetus, 0.7514675284323215, Battle-Scarred
milspec, CZ75-Auto | Circaetus, 0.16093805408901707, Field-Tested
milspec, CZ75-Auto | Circaetus, 0.34396380821780104, Field-Tested
milspec, CZ75-Auto | Circaetus, 0.3306701725866773, Field-Tested
milspec, CZ75-Auto | Circaetus, 0.44809242494991175, Well-Worn
milspec, CZ75-Auto | Circaetus, 0.6765675255344982, Battle-Scarred
milspec, CZ75-Auto | Circaetus, 0.28360451845625345, Field-Tested
milspec, CZ75-Auto | Circaetus, 0.6237940788659126, Battle-Scarred
milspec, CZ75-Auto | Circaetus, 0.5425122716409853, Battle-Scarred
milspec, CZ75-Auto | Circaetus, 0.18740506110918698, Field-Tested
milspec, CZ75-Auto | Circaetus, 0.880396387894905, Battle-Scarred
milspec, CZ75-Auto | Circaetus, 0.011943778069029798, Factory New
milspec, R8 Revolver | Junk Yard, 0.45619213239568546, Battle-Scarred
milspec, R8 Revolver | Junk Yard, 0.3869660025078231, Well-Worn
milspec, R8 Revolver | Junk Yard, 0.39990985225213926, Well-Worn
milspec, R8 Revolver | Junk Yard, 0.07190254622140091, Minimal Wear
milspec, R8 Revolver | Junk Yard, 0.43366484953349305, Well-Worn
milspec, R8 Revolver | Junk Yard, 0.30830415084358975, Field-Tested
milspec, R8 Revolver | Junk Yard, 0.6278114760006154, Battle-Scarred
milspec, R8 Revolver | Junk Yard, 0.39360439066471087, Well-Worn
milspec, R8 Revolver | Junk Yard, 0.9003391417183056, Battle-Scarred
milspec, R8 Revolver | Junk Yard, 0.8161289962075927, Battle-Scarred
milspec, R8 Revolver | Junk Yard, 0.06321897517780328, Factory New
milspec, R8 Revolver | Junk Yard, 0.26693102432478166, Field-Tested
milspec, R8 Revolver | Junk Yard, 0.7759661361280088, Battle-Scarred
milspec, R8 Revolver | Junk Yard, 0.6043928955025777, Battle-Scarred
milspec, R8 Revolver | Junk Yard, 0.8074983692967893, Battle-Scarred
milspec, R8 Revolver | Junk Yard, 0.8423065256408567, Battle-Scarred
milspec, R8 Revolver | Junk Yard, 0.5184756292015584, Battle-Scarred
milspec, R8 Revolver | Junk Yard, 0.6470158818227766, Battle-Scarred
milspec, R8 Revolver | Junk Yard, 0.14068387045361908, Minimal Wear
milspec, R8 Revolver | Junk Yard, 0.6774726903177736, Battle-Scarred
milspec, R8 Revolver | Junk Yard, 0.9682212507766429, Battle-Scarred
milspec, R8 Revolver | Junk Yard, 0.17072659371797583, Field-Tested
milspec, R8 Revolver | Junk Yard, 0.6368646436748747, Battle-Scarred
milspec, R8 Revolver | Junk Yard, 0.005010001874159897, Factory New
milspec, R8 Revolver | Junk Yard, 0.8927586039624549, Battle-Scarred
milspec, R8 Revolver | Junk Yard, 0.9210320795172897, Battle-Scarred
milspec, R8 Revolver | Junk Yard, 0.4418079671421885, Well-Worn
milspec, R8 Revolver | Junk Yard, 0.3394004602402795, Field-Tested
milspec, R8 Revolver | Junk Yard, 0.29591900376738955, Field-Tested
milspec, R8 Revolver | Junk Yard, 0.6671912556735073, Battle-Scarred
milspec, R8 Revolver | Junk Yard, 0.20923956049831693, Field-Tested
milspec, R8 Revolver | Junk Yard, 0.8258374835911438, Battle-Scarred
milspec, R8 Revolver | Junk Yard, 0.26418705042435386, Field-Tested
milspec, R8 Revolver | Junk Yard, 0.5377118867658334, Battle-Scarred
milspec, R8 Revolver | Junk Yard, 0.9667490565518222, Battle-Scarred
milspec, R8 Revolver | Junk Yard, 0.24358586965507556, Field-Tested
milspec, R8 Revolver | Junk Yard, 0.9087448771405365, Battle-Scarred
milspec, R8 Revolver | Junk Yard, 0.39411370958117165, Well-Worn
milspec, R8 Revolver | Junk Yard, 0.08095106624403858, Minimal Wear
milspec, R8 Revolver | Junk Yard, 0.5118778267355699, Battle-Scarred
milspec, R8 Revolver | Junk Yard, 0.1899482005339277, Field-Tested
milspec, R8 Revolver | Junk Yard, 0.6193825847814713, Battle-Scarred
milspec, R8 Revolver | Junk Yard, 0.8328420835825312, Battle-Scarred
milspec, R8 Revolver | Junk Yard, 0.5964442409962301, Battle-Scarred
milspec, R8 Revolver | Junk Yard, 0.10558089215616484, Minimal Wear
milspec, R8 Revolver | Junk Yard, 0.6097542553775874, Battle-Scarred
milspec, R8 Revolver | Junk Yard, 0.7262945314848737, Battle-Scarred
milspec, R8 Revolver | Junk Yard, 0.18436631108975132, Field-Tested
milspec, R8 Revolver | Junk Yard, 0.27978734395970983, Field-Tested
milspec, R8 Revolver | Junk Yard, 0.4093725659678342, Well-Worn
milspec, R8 Revolver | Junk Yard, 0.04076954929664389, Factory New
milspec, R8 Revolver | Junk Yard, 0.6279619414424961, Battle-Scarred
milspec, R8 Revolver | Junk Yard, 0.2852255634112233, Field-Tested
milspec, R8 Revolver | Junk Yard, 0.512365458995237, Battle-Scarred
milspec, R8 Revolver | Junk Yard, 0.5364733406456169, Battle-Scarred
milspec, R8 Revolver | Junk Yard, 0.514261224151675, Battle-Scarred
milspec, R8 Revolver | Junk Yard, 0.8821278522730263, Battle-Scarred
milspec, R8 Revolver | Junk Yard, 0.48032328554395165, Battle-Scarred
milspec, R8 Revolver | Junk Yard, 0.017470204584559723, Factory New
milspec, R8 Revolver | Junk Yard, 0.7789672089488948, Battle-Scarred
milspec, R8 Revolver | Junk Yard, 0.1876802075649121, Field-Tested
milspec, R8 Revolver | Junk Yard, 0.05117025374709305, Factory New
milspec, R8 Revolver | Junk Yard, 0.8066331645596789, Battle-Scarred
milspec, R8 Revolver | Junk Yard, 0.044801690799527005, Factory New
milspec, R8 Revolver | Junk Yard, 0.14294272371058603, Minimal Wear
milspec, R8 Revolver | Junk Yard, 0.41116123222235046, Well-Worn
milspec, R8 Revolver | Junk Yard, 0.8493100112448274, Battle-Scarred
milspec, R8 Revolver | Junk Yard, 0.485960613921408, Battle-Scarred
milspec, R8 Revolver | Junk Yard, 0.8349583756307922, Battle-Scarred
milspec, R8 Revolver | Junk Yard, 0.2000920952948736, Field-Tested
milspec, R8 Revolver | Junk Yard, 0.8952165173357528, Battle-Scarred
milspec, R8 Revolver | Junk Yard, 0.2158955327386355, Field-Tested
milspec, R8 Revolver | Junk Yard, 0.836289661465142, Battle-Scarred
milspec, R8 Revolver | Junk Yard, 0.4972842826508973, Battle-Scarred
milspec, R8 Revolver | Junk Yard, 0.9151510813834014, Battle-Scarred
milspec, R8 Revolver | Junk Yard, 0.02373695544053145, Factory New
milspec, R8 Revolver | Junk Yard, 0.5865778235301903, Battle-Scarred
milspec, R8 Revolver | Junk Yard, 0.9934100369189474, Battle-Scarred
milspec, R8 Revolver | Junk Yard, 0.8873588196700324, Battle-Scarred
milspec, R8 Revolver | Junk Yard, 0.5140347502371011, Battle-Scarred
milspec, R8 Revolver | Junk Yard, 0.24508728096272614, Field-Tested
milspec, R8 Revolver | Junk Yard, 0.5533688191269306, Battle-Scarred
milspec, R8 Revolver | Junk Yard, 0.019138021748064782, Factory New
milspec, R8 Revolver | Junk Yard, 0.9944117667826088, Battle-Scarred
milspec, R8 Revolver | Junk Yard, 0.5517614265673334, Battle-Scarred
milspec, R8 Revolver | Junk Yard, 0.8999716568435544, Battle-Scarred
milspec, R8 Revolver | Junk Yard, 0.8112131140483102, Battle-Scarred
milspec, R8 Revolver | Junk Yard, 0.2872536753990662, Field-Tested
milspec, R8 Revolver | Junk Yard, 0.6560869846898801, Battle-Scarred
milspec, R8 Revolver | Junk Yard, 0.08537301409760789, Minimal Wear
milspec, R8 Revolver | Junk Yard, 0.6237470850302229, Battle-Scarred
milspec, R8 Revolver | Junk Yard, 0.19720743010614006, Field-Tested
milspec, R8 Revolver | Junk Yard, 0.30701673008263053, Field-Tested
milspec, R8 Revolver | Junk Yard, 0.10870149664314321, Minimal Wear
milspec, R8 Revolver | Junk Yard, 0.600089330675798, Battle-Scarred
milspec, R8 Revolver | Junk Yard, 0.9419633733177061, Battle-Scarred
milspec, R8 Revolver | Junk Yard, 0.16137064995293948, Field-Tested
milspec, R8 Revolver | Junk Yard, 0.4941124213538881, Battle-Scarred
milspec, R8 Revolver | Junk Yard, 0.22056140035775018, Field-Tested
milspec, R8 Revolver | Junk Yard, 0.0007332812561303692, Factory New
milspec, R8 Revolver | Junk Yard, 0.6375235097090716, Battle-Scarred
milspec, R8 Revolver | Junk Yard, 0.7166964298419148, Battle-Scarred
milspec, R8 Revolver | Junk Yard, 0.0875260792397069, Minimal Wear
milspec, R8 Revolver | Junk Yard, 0.029553710901824792, Factory New
milspec, R8 Revolver | Junk Yard, 0.18274291965380474, Field-Tested
milspec, R8 Revolver | Junk Yard, 0.5401559637109526, Battle-Scarred
milspec, R8 Revolver | Junk Yard, 0.6090749471735921, Battle-Scarred
milspec, R8 Revolver | Junk Yard, 0.07987100148762072, Minimal Wear
milspec, R8 Revolver | Junk Yard, 0.6903103099823016, Battle-Scarred
milspec, R8 Revolver | Junk Yard, 0.5155622697482697, Battle-Scarred
milspec, R8 Revolver | Junk Yard, 0.14983004203059502, Minimal Wear
milspec, R8 Revolver | Junk Yard, 0.8852952544068797, Battle-Scarred
milspec, R8 Revolver | Junk Yard, 0.4450530494635391, Well-Worn
milspec, R8 Revolver | Junk Yard, 0.4248029719846801, Well-Worn
milspec, R8 Revolver | Junk Yard, 0.8398337404633927, Battle-Scarred
milspec, R8 Revolver | Junk Yard, 0.12255340917848556, Minimal Wear
milspec, R8 Revolver | Junk Yard, 0.6116911944222078, Battle-Scarred
milspec, R8 Revolver | Junk Yard, 0.9856829562305626, Battle-Scarred
milspec, R8 Revolver | Junk Yard, 0.773064115090408, Battle-Scarred
milspec, R8 Revolver | Junk Yard, 0.9275556463893546, Battle-Scarred
milspec, R8 Revolver | Junk Yard, 0.6813058241441793, Battle-Scarred
milspec, R8 Revolver | Junk Yard, 0.17978132406697334, Field-Tested
milspec, Glock-18 | Clear Polymer, 0.3340936746335065, Field-Tested
milspec, Glock-18 | Clear Polymer, 0.10539712560717751, Minimal Wear
milspec, Glock-18 | Clear Polymer, 0.12575581720640272, Minimal Wear
milspec, Glock-18 | Clear Polymer, 0.5363635948147241, Battle-Scarred
milspec, Glock-18 | Clear Polymer, 0.1603253023122282, Field-Tested
milspec, Glock-18 | Clear Polymer, 0.20592373404807574, Field-Tested
milspec, Glock-18 | Clear Polymer, 0.5858760642552842, Battle-Scarred
milspec, Glock-18 | Clear Polymer, 0.7346023014718561, Battle-Scarred
milspec, Glock-18 | Clear Polymer, 0.5619700365089302, Battle-Scarred
milspec, Glock-18 | Clear Polymer, 0.11366951204472542, Minimal Wear
milspec, Glock-18 | Clear Polymer, 0.3465489707218118, Field-Tested
milspec, Glock-18 | Clear Polymer, 0.6282269546344317, Battle-Scarred
milspec, Glock-18 | Clear Polymer, 0.15618048638589843, Field-Tested
milspec, Glock-18 | Clear Polymer, 0.07782659767683764, Minimal Wear
milspec, Glock-18 | Clear Polymer, 0.9683864189288941, Battle-Scarred
milspec, Glock-18 | Clear Polymer, 0.2765852536317144, Field-Tested
milspec, Glock-18 | Clear Polymer, 0.5725867905848623, Battle-Scarred
milspec, Glock-18 | Clear Polymer, 0.7320632517135639, Battle-Scarred
milspec, Glock-18 | Clear Polymer, 0.9751686024631584, Battle-Scarred
milspec, Glock-18 | Clear Polymer, 0.21638104026093763, Field-Tested
milspec, Glock-18 | Clear Polymer, 0.8028909200641177, Battle-Scarred
milspec, Glock-18 | Clear Polymer, 0.9905487082547226, Battle-Scarred
milspec, Glock-18 | Clear Polymer, 0.41265045867295713, Well-Worn
milspec, Glock-18 | Clear Polymer, 0.32745294175451956, Field-Tested
milspec, Glock-18 | Clear Polymer, 0.5872948077431998, Battle-Scarred
milspec, Glock-18 | Clear Polymer, 0.6257530788815708, Battle-Scarred
milspec, Glock-18 | Clear Polymer, 0.9605563554681261, Battle-Scarred
milspec, Glock-18 | Clear Polymer, 0.6191457933506685, Battle-Scarred
milspec, Glock-18 | Clear Polymer, 0.9475750767884472, Battle-Scarred
milspec, Glock-18 | Clear Polymer, 0.27916201785449757, Field-Tested
milspec, Glock-18 | Clear Polymer, 0.012209244413154297, Factory New
milspec, Glock-18 | Clear Polymer, 0.8251180687542972, Battle-Scarred
milspec, Glock-18 | Clear Polymer, 0.8819195223341549, Battle-Scarred
milspec, Glock-18 | Clear Polymer, 0.8520286132893139, Battle-Scarred
milspec, Glock-18 | Clear Polymer, 0.49773490944742105, Battle-Scarred
milspec, Glock-18 | Clear Polymer, 0.995989667560644, Battle-Scarred
milspec, Glock-18 | Clear Polymer, 0.35655909082870907, Field-Tested
milspec, Glock-18 | Clear Polymer, 0.6146546071225112, Battle-Scarred
milspec, Glock-18 | Clear Polymer, 0.7662733454943145, Battle-Scarred
milspec, Glock-18 | Clear Polymer, 0.2413374735786611, Field-Tested
milspec, Glock-18 | Clear Polymer, 0.37932535960327807, Field-Tested
milspec, Glock-18 | Clear Polymer, 0.9189201062899413, Battle-Scarred
milspec, Glock-18 | Clear Polymer, 0.42389524928021816, Well-Worn
milspec, Glock-18 | Clear Polymer, 0.26352799198593524, Field-Tested
milspec, Glock-18 | Clear Polymer, 0.7645785112424733, Battle-Scarred
milspec, Glock-18 | Clear Polymer, 0.024088674758067308, Factory New
milspec, Glock-18 | Clear Polymer, 0.3777213654920014, Field-Tested
milspec, Glock-18 | Clear Polymer, 0.043463877479969604, Factory New
milspec, Glock-18 | Clear Polymer, 0.5165317138012303, Battle-Scarred
milspec, Glock-18 | Clear Polymer, 0.46909751060856475, Battle-Scarred
milspec, Glock-18 | Clear Polymer, 0.931390198975541, Battle-Scarred
milspec, Glock-18 | Clear Polymer, 0.6640848671265752, Battle-Scarred
milspec, Glock-18 | Clear Polymer, 0.9551825040345121, Battle-Scarred
milspec, Glock-18 | Clear Polymer, 0.5279826835470481, Battle-Scarred
milspec, Glock-18 | Clear Polymer, 0.28983831306432195, Field-Tested
milspec, Glock-18 | Clear Polymer, 0.16695612010035232, Field-Tested
milspec, Glock-18 | Clear Polymer, 0.31983993929585564, Field-Tested
milspec, Glock-18 | Clear Polymer, 0.17730515315167383, Field-Tested
milspec, Glock-18 | Clear Polymer, 0.19025960560227162, Field-Tested
milspec, Glock-18 | Clear Polymer, 0.8903975676433675, Battle-Scarred
milspec, Glock-18 | Clear Polymer, 0.7063745560603905, Battle-Scarred
milspec, Glock-18 | Clear Polymer, 0.8974390093987471, Battle-Scarred
milspec, Glock-18 | Clear Polymer, 0.39336367766338143, Well-Worn
milspec, Glock-18 | Clear Polymer, 0.768775082036297, Battle-Scarred
milspec, Glock-18 | Clear Polymer, 0.2854639166666437, Field-Tested
milspec, Glock-18 | Clear Polymer, 0.15367223147808817, Field-Tested
milspec, Glock-18 | Clear Polymer, 0.6671016178366443, Battle-Scarred
milspec, Glock-18 | Clear Polymer, 0.0567047064446069, Factory New
milspec, Glock-18 | Clear Polymer, 0.4437722923869559, Well-Worn
milspec, Glock-18 | Clear Polymer, 0.30595397007117264, Field-Tested
milspec, Glock-18 | Clear Polymer, 0.7005583836416542, Battle-Scarred
milspec, Glock-18 | Clear Polymer, 0.8134262002069178, Battle-Scarred
milspec, Glock-18 | Clear Polymer, 0.7631388745928179, Battle-Scarred
milspec, Glock-18 | Clear Polymer, 0.0986900277575361, Minimal Wear
milspec, Glock-18 | Clear Polymer, 0.18405701573299904, Field-Tested
milspec, Glock-18 | Clear Polymer, 0.21169869340882708, Field-Tested
milspec, Glock-18 | Clear Polymer, 0.8658589476396582, Battle-Scarred
milspec, Glock-18 | Clear Polymer, 0.7047727306969407, Battle-Scarred
milspec, Glock-18 | Clear Polymer, 0.9622852396895307, Battle-Scarred
milspec, Glock-18 | Clear Polymer, 0.49477161539916514, Battle-Scarred
milspec, Glock-18 | Clear Polymer, 0.5414962539092978, Battle-Scarred
milspec, Glock-18 | Clear Polymer, 0.7288803125936609, Battle-Scarred
milspec, Glock-18 | Clear Polymer, 0.7889473464506911, Battle-Scarred
milspec, Glock-18 | Clear Polymer, 0.3759962583686489, Field-Tested
milspec, Glock-18 | Clear Polymer, 0.9821862616072096, Battle-Scarred
milspec, Glock-18 | Clear Polymer, 0.48720561895282544, Battle-Scarred
milspec, Glock-18 | Clear Polymer, 0.3613198071525605, Field-Tested
milspec, Glock-18 | Clear Polymer, 0.8804146756564206, Battle-Scarred
milspec, Glock-18 | Clear Polymer, 0.3146378669953487, Field-Tested
milspec, Glock-18 | Clear Polymer, 0.6763665378294925, Battle-Scarred
milspec, Glock-18 | Clear Polymer, 0.9532063189618175, Battle-Scarred
milspec, Glock-18 | Clear Polymer, 0.35538285467102293, Field-Tested
milspec, Glock-18 | Clear Polymer, 0.5754343797074535, Battle-Scarred
milspec, Glock-18 | Clear Polymer, 0.17023994474252901, Field-Tested
milspec, Glock-18 | Clear Polymer, 0.864747708267213, Battle-Scarred
milspec, Glock-18 | Clear Polymer, 0.7763853528532157, Battle-Scarred
milspec, Glock-18 | Clear Polymer, 0.8305768797371984, Battle-Scarred
milspec, Glock-18 | Clear Polymer, 0.5403939062651205, Battle-Scarred
milspec, Glock-18 | Clear Polymer, 0.6865508077690823, Battle-Scarred
milspec, Glock-18 | Clear Polymer, 0.3740081836773754, Field-Tested
milspec, Glock-18 | Clear Polymer, 0.8802463790340812, Battle-Scarred
milspec, Glock-18 | Clear Polymer, 0.10833993681289822, Minimal Wear
milspec, Glock-18 | Clear Polymer, 0.2849656746138346, Field-Tested
milspec, Glock-18 | Clear Polymer, 0.31811563111462815, Field-Tested
milspec, Glock-18 | Clear Polymer, 0.08434307332768343, Minimal Wear
milspec, Glock-18 | Clear Polymer, 0.7818253359345966, Battle-Scarred
milspec, Glock-18 | Clear Polymer, 0.2509490802804558, Field-Tested
milspec, Glock-18 | Clear Polymer, 0.2970262369067035, Field-Tested
milspec, Glock-18 | Clear Polymer, 0.18779557527737922, Field-Tested
milspec, Glock-18 | Clear Polymer, 0.6485209648426495, Battle-Scarred
milspec, Glock-18 | Clear Polymer, 0.9606018375600157, Battle-Scarred
milspec, Glock-18 | Clear Polymer, 0.5992242765555224, Battle-Scarred
milspec, Glock-18 | Clear Polymer, 0.9897759396305352, Battle-Scarred
milspec, Glock-18 | Clear Polymer, 0.09785284430361707, Minimal Wear
restricted, AK-47 | Slate, 0.45212603288451036, Battle-Scarred
restricted, AK-47 | Slate, 0.14979323556750224, Minimal Wear
restricted, AK-47 | Slate, 0.27656495878513165, Field-Tested
restricted, AK-47 | Slate, 0.9026103418388817, Battle-Scarred
restricted, AK-47 | Slate, 0.21778604219238573, Field-Tested
restricted, AK-47 | Slate, 0.3848070597893196, Well-Worn
restricted, AK-47 | Slate, 0.7173103327189763, Battle-Scarred
restricted, AK-47 | Slate, 0.6881423487710288, Battle-Scarred
restricted, AK-47 | Slate, 0.4641488952028088, Battle-Scarred
restricted, AK-47 | Slate, 0.5254492780521952, Battle-Scarred
restricted, AK-47 | Slate, 0.6869111154058829, Battle-Scarred
restricted, AK-47 | Slate, 0.9923472178495308, Battle-Scarred
restricted, AK-47 | Slate, 0.7761974295275357, Battle-Scarred
restricted, AK-47 | Slate, 0.9735950440962767, Battle-Scarred
restricted, AK-47 | Slate, 0.5827532464095009, Battle-Scarred
restricted, AK-47 | Slate, 0.22436944245108537, Field-Tested
restricted, AK-47 | Slate, 0.5153171016400226, Battle-Scarred
restricted, AK-47 | Slate, 0.14601965269966732, Minimal Wear
restricted, AK-47 | Slate, 0.7801742099193391, Battle-Scarred
restricted, AK-47 | Slate, 0.4405277292285408, Well-Worn
restricted, AK-47 | Slate, 0.07348369983452574, Minimal Wear
restricted, AK-47 | Slate, 0.39440861459582555, Well-Worn
restricted, AK-47 | Slate, 0.31905987057089236, Field-Tested
restricted, AK-47 | Slate, 0.9241433418266831, Battle-Scarred
restricted, AK-47 | Slate, 0.6544856886393269, Battle-Scarred
restricted, AK-47 | Slate, 0.6537041151809538, Battle-Scarred
restricted, AK-47 | Slate, 0.4944994222556822, Battle-Scarred
restricted, AK-47 | Slate, 0.3529758875973983, Field-Tested
restricted, AK-47 | Slate, 0.17154444517822032, Field-Tested
restricted, AK-47 | Slate, 0.42425437013597445, Well-Worn
restricted, AK-47 | Slate, 0.5242359313227474, Battle-Scarred
restricted, Desert Eagle | Trigger Discipline, 0.9731137962284286, Battle-Scarred
restricted, Desert Eagle | Trigger Discipline, 0.8222735835366937, Battle-Scarred
restricted, Desert Eagle | Trigger Discipline, 0.3382992429441183, Field-Tested
restricted, Desert Eagle | Trigger Discipline, 0.42610333275952295, Well-Worn
restricted, Desert Eagle | Trigger Discipline, 0.4575624424959528, Battle-Scarred
restricted, Desert Eagle | Trigger Discipline, 0.9835787022931382, Battle-Scarred
restricted, Desert Eagle | Trigger Discipline, 0.14787890665146364, Minimal Wear
restricted, Desert Eagle | Trigger Discipline, 0.41495587669688416, Well-Worn
restricted, Desert Eagle | Trigger Discipline, 0.1600604655776634, Field-Tested
restricted, Desert Eagle | Trigger Discipline, 0.16797608231576322, Field-Tested
restricted, Desert Eagle | Trigger Discipline, 0.9605054385614046, Battle-Scarred
restricted, Desert Eagle | Trigger Discipline, 0.44074226874846767, Well-Worn
restricted, Desert Eagle | Trigger Discipline, 0.9748239737533037, Battle-Scarred
restricted, Desert Eagle | Trigger Discipline, 0.6638346404999261, Battle-Scarred
restricted, Desert Eagle | Trigger Discipline, 0.3552033809487345, Field-Tested
restricted, Desert Eagle | Trigger Discipline, 0.06250707495810781, Factory New
restricted, Desert Eagle | Trigger Discipline, 0.765477230602127, Battle-Scarred
restricted, Desert Eagle | Trigger Discipline, 0.5825096853359508, Battle-Scarred
restricted, Desert Eagle | Trigger Discipline, 0.13419967519023546, Minimal Wear
restricted, Desert Eagle | Trigger Discipline, 0.8536993776562307, Battle-Scarred
restricted, Desert Eagle | Trigger Discipline, 0.8071840873845915, Battle-Scarred
restricted, Desert Eagle | Trigger Discipline, 0.599795017864399, Battle-Scarred
restricted, Desert Eagle | Trigger Discipline, 0.21449367954081056, Field-Tested
restricted, Desert Eagle | Trigger Discipline, 0.8129827060000443, Battle-Scarred
restricted, Negev | dev_texture, 0.7291418574424338, Battle-Scarred
restricted, Negev | dev_texture, 0.847926850247681, Battle-Scarred
restricted, Negev | dev_texture, 0.23267932925230428, Field-Tested
restricted, Negev | dev_texture, 0.9165865068301035, Battle-Scarred
restricted, Negev | dev_texture, 0.5153243563904542, Battle-Scarred
restricted, Negev | dev_texture, 0.5888943635121351, Battle-Scarred
restricted, Negev | dev_texture, 0.2475659278166752, Field-Tested
restricted, Negev | dev_texture, 0.38189309170598984, Well-Worn
restricted, Negev | dev_texture, 0.5382299384906964, Battle-Scarred
restricted, Negev | dev_texture, 0.5826423604528027, Battle-Scarred
restricted, Negev | dev_texture, 0.7100115020022624, Battle-Scarred
restricted, Negev | dev_texture, 0.5348540763787509, Battle-Scarred
restricted, Negev | dev_texture, 0.5141998335757116, Battle-Scarred
restricted, Negev | dev_texture, 0.5399045257643923, Battle-Scarred
restricted, Negev | dev_texture, 0.5408635640640992, Battle-Scarred
restricted, Negev | dev_texture, 0.5283490266743833, Battle-Scarred
restricted, Negev | dev_texture, 0.8950446090607267, Battle-Scarred
restricted, Negev | dev_texture, 0.4164228681226113, Well-Worn
restricted, Negev | dev_texture, 0.010462821998049598, Factory New
restricted, Negev | dev_texture, 0.49117551263884496, Battle-Scarred
restricted, Negev | dev_texture, 0.32918809260095006, Field-Tested
restricted, Negev | dev_texture, 0.2785312211202464, Field-Tested
restricted, Negev | dev_texture, 0.3976380803998395, Well-Worn
restricted, Negev | dev_texture, 0.6148950664389424, Battle-Scarred
restricted, Negev | dev_texture, 0.6523832593383009, Battle-Scarred
restricted, Negev | dev_texture, 0.3365945682602073, Field-Tested
restricted, Negev | dev_texture, 0.8371946249414721, Battle-Scarred
restricted, Negev | dev_texture, 0.4666876404400335, Battle-Scarred
restricted, Negev | dev_texture, 0.20991751362463285, Field-Tested
restricted, Negev | dev_texture, 0.2801852750766609, Field-Tested
restricted, Negev | dev_texture, 0.21020270076721326, Field-Tested
restricted, Negev | dev_texture, 0.5577482970918825, Battle-Scarred
restricted, Negev | dev_texture, 0.2089324761966891, Field-Tested
restricted, Negev | dev_texture, 0.9460794795774871, Battle-Scarred
restricted, Negev | dev_texture, 0.03896789866294792, Factory New
restricted, Negev | dev_texture, 0.9803184329273382, Battle-Scarred
restricted, Negev | dev_texture, 0.47825035386230075, Battle-Scarred
restricted, Negev | dev_texture, 0.10592288094110525, Minimal Wear
restricted, MAC-10 | Button Masher, 0.5860677398951064, Battle-Scarred
restricted, MAC-10 | Button Masher, 0.8268136681577702, Battle-Scarred
restricted, MAC-10 | Button Masher, 0.544287257280893, Battle-Scarred
restricted, MAC-10 | Button Masher, 0.30208105600077817, Field-Tested
restricted, MAC-10 | Button Masher, 0.17257545024955934, Field-Tested
restricted, MAC-10 | Button Masher, 0.03899884667401621, Factory New
restricted, MAC-10 | Button Masher, 0.02281162582454377, Factory New
restricted, MAC-10 | Button Masher, 0.4406500851100237, Well-Worn
restricted, MAC-10 | Button Masher, 0.04070498070147288, Factory New
restricted, MAC-10 | Button Masher, 0.7207235319385266, Battle-Scarred
restricted, MAC-10 | Button Masher, 0.6834124058482673, Battle-Scarred
restricted, MAC-10 | Button Masher, 0.5949180603886783, Battle-Scarred
restricted, MAC-10 | Button Masher, 0.12662915716086032, Minimal Wear
restricted, MAC-10 | Button Masher, 0.8094644727935336, Battle-Scarred
restricted, MAC-10 | Button Masher, 0.29761149920692276, Field-Tested
restricted, MAC-10 | Button Masher, 0.4209334754217, Well-Worn
restricted, MAC-10 | Button Masher, 0.8060163214505824, Battle-Scarred
restricted, MAC-10 | Button Masher, 0.9652007205969424, Battle-Scarred
restricted, MAC-10 | Button Masher, 0.7240575525515505, Battle-Scarred
restricted, MAC-10 | Button Masher, 0.5532431046991725, Battle-Scarred
restricted, MAC-10 | Button Masher, 0.7986462664559366, Battle-Scarred
restricted, MAC-10 | Button Masher, 0.6598980551984384, Battle-Scarred
restricted, MAC-10 | Button Masher, 0.8476352731345348, Battle-Scarred
restricted, MAC-10 | Button Masher, 0.515289425626888, Battle-Scarred
restricted, MAC-10 | Button Masher, 0.8365927352326372, Battle-Scarred
restricted, MAC-10 | Button Masher, 0.46711863282297095, Battle-Scarred
restricted, MAC-10 | Button Masher, 0.11545952242091995, Minimal Wear
restricted, MAC-10 | Button Masher, 0.21933554965020619, Field-Tested
restricted, MAC-10 | Button Masher, 0.05009491656266074, Factory New
restricted, P250 | Cyber Shell, 0.6312828173825898, Battle-Scarred
restricted, P250 | Cyber Shell, 0.11844416721579232, Minimal Wear
restricted, P250 | Cyber Shell, 0.07474214929504863, Minimal Wear
restricted, P250 | Cyber Shell, 0.7759248032821352, Battle-Scarred
restricted, P250 | Cyber Shell, 0.39911618379110403, Well-Worn
restricted, P250 | Cyber Shell, 0.21943361944635198, Field-Tested
restricted, P250 | Cyber Shell, 0.46618119795980006, Battle-Scarred
restricted, P250 | Cyber Shell, 0.9395941331765877, Battle-Scarred
restricted, P250 | Cyber Shell, 0.9367072955615269, Battle-Scarred
restricted, P250 | Cyber Shell, 0.30254659997361777, Field-Tested
restricted, P250 | Cyber Shell, 0.8506640272175593, Battle-Scarred
restricted, P250 | Cyber Shell, 0.5054656073182308, Battle-Scarred
restricted, P250 | Cyber Shell, 0.6383053986126919, Battle-Scarred
restricted, P250 | Cyber Shell, 0.6681346513835862, Battle-Scarred
restricted, P250 | Cyber Shell, 0.4230980094817488, Well-Worn
restricted, P250 | Cyber Shell, 0.03483062042874829, Factory New
restricted, P250 | Cyber Shell, 0.5754694928528682, Battle-Scarred
restricted, P250 | Cyber Shell, 0.9217212439803949, Battle-Scarred
restricted, P250 | Cyber Shell, 0.12081748158940697, Minimal Wear
restricted, P250 | Cyber Shell, 0.767618265150465, Battle-Scarred
restricted, P250 | Cyber Shell, 0.07615434091045392, Minimal Wear
restricted, P250 | Cyber Shell, 0.0823684128451021, Minimal Wear
restricted, P250 | Cyber Shell, 0.06151262420348058, Factory New
restricted, P250 | Cyber Shell, 0.1625445574489558, Field-Tested
restricted, P250 | Cyber Shell, 0.24715347067834803, Field-Tested
restricted, P250 | Cyber Shell, 0.08971474643927912, Minimal Wear
restricted, P250 | Cyber Shell, 0.2785349668405941, Field-Tested
restricted, P250 | Cyber Shell, 0.5126407326516852, Battle-Scarred
classified, XM1014 | XOXO, 0.1180303906383342, Minimal Wear
classified, XM1014 | XOXO, 0.05797380592352086, Factory New
classified, XM1014 | XOXO, 0.9397944985196576, Battle-Scarred
classified, XM1014 | XOXO, 0.6277238472416795, Battle-Scarred
classified, XM1014 | XOXO, 0.06074634142294422, Factory New
classified, XM1014 | XOXO, 0.430506047247191, Well-Worn
classified, XM1014 | XOXO, 0.9403090695634001, Battle-Scarred
classified, XM1014 | XOXO, 0.54900005598065, Battle-Scarred
classified, XM1014 | XOXO, 0.17773556502891086, Field-Tested
classified, XM1014 | XOXO, 0.5404093327546305, Battle-Scarred
classified, XM1014 | XOXO, 0.34060180290595965, Field-Tested
classified, Galil AR | Chromatic Aberration, 0.12211172691164107, Minimal Wear
classified, Galil AR | Chromatic Aberration, 0.48243453634999445, Battle-Scarred
classified, Galil AR | Chromatic Aberration, 0.725757319409598, Battle-Scarred
classified, Galil AR | Chromatic Aberration, 0.2696165368275518, Field-Tested
classified, Galil AR | Chromatic Aberration, 0.46651753175105537, Battle-Scarred
classified, Galil AR | Chromatic Aberration, 0.7373044957473274, Battle-Scarred
classified, Galil AR | Chromatic Aberration, 0.21083736439163858, Field-Tested
classified, Galil AR | Chromatic Aberration, 0.6067982128455945, Battle-Scarred
classified, Galil AR | Chromatic Aberration, 0.849587015000927, Battle-Scarred
classified, Galil AR | Chromatic Aberration, 0.8492141867156751, Battle-Scarred
classified, Galil AR | Chromatic Aberration, 0.9890946177512843, Battle-Scarred
rare, Snakebite Case Gloves, 0.14963185654809497, Minimal Wear
rare, Snakebite Case Gloves, 0.14673476639436145, Minimal Wear
rare, Snakebite Case Gloves, 0.9808203089941323, Battle-Scarred
rare, Snakebite Case Gloves, 0.4325311084383391, Well-Worn
rare, Snakebite Case Gloves, 0.4041969444700759, Well-Worn
classified, MP9 | Food Chain, 0.9242663405963119, Battle-Scarred
classified, MP9 | Food Chain, 0.6138257771549296, Battle-Scarred
classified, MP9 | Food Chain, 0.8309604435022904, Battle-Scarred
classified, MP9 | Food Chain, 0.46553084887702, Battle-Scarred
classified, MP9 | Food Chain, 0.4051910040928589, Well-Worn
classified, MP9 | Food Chain, 0.80243277046459, Battle-Scarred
classified, MP9 | Food Chain, 0.9946728715106762, Battle-Scarred
classified, MP9 | Food Chain, 0.15921745531209786, Field-Tested
classified, MP9 | Food Chain, 0.46288725289328836, Battle-Scarred
classified, MP9 | Food Chain, 0.8666365181288334, Battle-Scarred
classified, MP9 | Food Chain, 0.7358509475249205, Battle-Scarred
classified, MP9 | Food Chain, 0.8052700666344941, Battle-Scarred
classified, MP9 | Food Chain, 0.9712832523399123, Battle-Scarred
classified, MP9 | Food Chain, 0.6635203363312133, Battle-Scarred
classified, MP9 | Food Chain, 0.7626924078537426, Battle-Scarred
classified, MP9 | Food Chain, 0.6451094756990917, Battle-Scarred
classified, MP9 | Food Chain, 0.30947602083461256, Field-Tested
classified, MP9 | Food Chain, 0.8241628443426049, Battle-Scarred
classified, MP9 | Food Chain, 0.17217286036619395, Field-Tested
classified, MP9 | Food Chain, 0.5681228427949588, Battle-Scarred
classified, MP9 | Food Chain, 0.8403503759780848, Battle-Scarred
classified, MP9 | Food Chain, 0.38616985457660036, Well-Worn
classified, MP9 | Food Chain, 0.7231207476206137, Battle-Scarred
classified, MP9 | Food Chain, 0.0012352667092925262, Factory New
classified, MP9 | Food Chain, 0.6683917523891484, Battle-Scarred
covert, USP-S | The Traitor, 0.3786447465755668, Field-Tested
covert, USP-S | The Traitor, 0.7769051470170096, Battle-Scarred
covert, USP-S | The Traitor, 0.847165087169107, Battle-Scarred
covert, USP-S | The Traitor, 0.7637060569830826, Battle-Scarred
covert, USP-S | The Traitor, 0.22751350294627226, Field-Tested
covert, USP-S | The Traitor, 0.22906172286024984, Field-Tested
covert, M4A4 | In Living Color, 0.5009188284731342, Battle-Scarred
